{"cameraMode":{"drawMode":0,"name":"Shaded","section":"Shading Mode"},"sceneLighting":true,"audioPlay":false,"sceneViewState":{"m_AlwaysRefresh":false,"showFog":true,"showSkybox":true,"showFlares":true,"showImageEffects":true,"showParticleSystems":true,"showVisualEffectGraphs":true,"m_FxEnabled":true},"in2DMode":false,"pivot":{"x":0.00032524578273296356,"y":1.1446082592010499,"z":-0.04521000385284424},"rotation":{"x":-0.44198140501976015,"y":0.0032267633359879257,"z":-0.0015898465644568205,"w":-0.8970166444778442},"size":3.2255513668060304,"orthographic":false}